"land_type_numeric","species_count"
0,15
2,18
0,12
1,20
0,14
2,22
0,13
1,16
2,19
0,21
1,15
0,18
2,14
0,20
1,12
0,19
2,16
0,21
1,17
0,15
2,18
0,14
1,20
0,16
2,19
0,15
1,17
0,21
2,14
0,18
